행 레이블,대분류,업종명,이미지url
1020,숙박업,여관/기타숙박업,https://res.cloudinary.com/hoki0713/image/upload/v1596628607/team-mobeom/%EC%9D%B4%EB%AF%B8%EC%A7%80/1020-hotel_zwfb67.jpg
1130,여행,렌터카,https://res.cloudinary.com/hoki0713/image/upload/v1596628607/team-mobeom/%EC%9D%B4%EB%AF%B8%EC%A7%80/1130-rentalcar_kpxgdg.jpg
2001,레져용품,골프용품 전문점,https://res.cloudinary.com/hoki0713/image/upload/v1596628606/team-mobeom/%EC%9D%B4%EB%AF%B8%EC%A7%80/2001-golfclub_wpd6ik.jpg
2002,레져용품,스포츠레져용품,https://res.cloudinary.com/hoki0713/image/upload/v1596628606/team-mobeom/%EC%9D%B4%EB%AF%B8%EC%A7%80/2002-sportequip_pipxdi.jpg
2010,문화.취미,악기점,https://res.cloudinary.com/hoki0713/image/upload/v1596628606/team-mobeom/%EC%9D%B4%EB%AF%B8%EC%A7%80/2010-music-instrument_pblnwr.jpg
2020,문화.취미,음반/영상물,https://res.cloudinary.com/hoki0713/image/upload/v1596628606/team-mobeom/%EC%9D%B4%EB%AF%B8%EC%A7%80/2020-recordshop_xiehtm.jpg
2102,레저업소,골프연습장,https://res.cloudinary.com/hoki0713/image/upload/v1596628607/team-mobeom/%EC%9D%B4%EB%AF%B8%EC%A7%80/2102-golffield_kgrupr.jpg
2111,레저업소,볼링장,https://res.cloudinary.com/hoki0713/image/upload/v1596628608/team-mobeom/%EC%9D%B4%EB%AF%B8%EC%A7%80/2111-bowling_j4hne2.jpg
2113,레저업소,수영장,https://res.cloudinary.com/hoki0713/image/upload/v1596628608/team-mobeom/%EC%9D%B4%EB%AF%B8%EC%A7%80/2113-swimmingpool_zkqqsx.jpg
2114,레저업소,헬스클럽,https://res.cloudinary.com/hoki0713/image/upload/v1596628607/team-mobeom/%EC%9D%B4%EB%AF%B8%EC%A7%80/2114-gym_cuczzi.jpg
2121,레저업소,당구장,https://res.cloudinary.com/hoki0713/image/upload/v1596628607/team-mobeom/%EC%9D%B4%EB%AF%B8%EC%A7%80/2121-cuesport_dasbln.jpg
2130,레저업소,노래방,https://res.cloudinary.com/hoki0713/image/upload/v1596628608/team-mobeom/%EC%9D%B4%EB%AF%B8%EC%A7%80/2130-karaoke_efzcca.jpg
2199,레저업소,기타레져업소,https://res.cloudinary.com/hoki0713/image/upload/v1596628608/team-mobeom/%EC%9D%B4%EB%AF%B8%EC%A7%80/2199-resorEtc_c6ty5s.jpg
2210,문화.취미,화방표구점,https://res.cloudinary.com/hoki0713/image/upload/v1596628608/team-mobeom/%EC%9D%B4%EB%AF%B8%EC%A7%80/2210-artgallery_jouqvq.jpg
2220,문화.취미,수족관,https://res.cloudinary.com/hoki0713/image/upload/v1596628608/team-mobeom/%EC%9D%B4%EB%AF%B8%EC%A7%80/2220-aquarium_cymxvu.jpg
2230,문화.취미,화원,https://res.cloudinary.com/hoki0713/image/upload/v1596628609/team-mobeom/%EC%9D%B4%EB%AF%B8%EC%A7%80/2230-botanicalgarden_kus02q.jpg
2240,문화.취미,애완동물,https://res.cloudinary.com/hoki0713/image/upload/v1596628608/team-mobeom/%EC%9D%B4%EB%AF%B8%EC%A7%80/2240-petshop_kx5pnn.jpg
2251,문화.취미,티켓,https://res.cloudinary.com/hoki0713/image/upload/v1596628608/team-mobeom/%EC%9D%B4%EB%AF%B8%EC%A7%80/2251-ticket_seb1eh.jpg
2299,문화.취미,문화취미기타,https://res.cloudinary.com/hoki0713/image/upload/v1596628609/team-mobeom/%EC%9D%B4%EB%AF%B8%EC%A7%80/2299-cultureHobby_hx1vyj.jpg
3001,가구,일반가구,https://res.cloudinary.com/hoki0713/image/upload/v1596628608/team-mobeom/%EC%9D%B4%EB%AF%B8%EC%A7%80/3001-woodenfurniture_eyapde.jpg
3002,가구,철제가구,https://res.cloudinary.com/hoki0713/image/upload/v1596628609/team-mobeom/%EC%9D%B4%EB%AF%B8%EC%A7%80/3002-metalFurniture_kgbzgg.jpg
3099,가구,기타가구,https://res.cloudinary.com/hoki0713/image/upload/v1596628609/team-mobeom/%EC%9D%B4%EB%AF%B8%EC%A7%80/3099-furnitureEtc_ex5zfo.jpg
3101,전기제품,가전제품,https://res.cloudinary.com/hoki0713/image/upload/v1596628609/team-mobeom/%EC%9D%B4%EB%AF%B8%EC%A7%80/3101-homeAppliance_btnxkp.jpg
3199,전기제품,기타전기제품,https://res.cloudinary.com/hoki0713/image/upload/v1596628609/team-mobeom/%EC%9D%B4%EB%AF%B8%EC%A7%80/3199-applianceEtc_gzmmee.jpg
3201,주방용구,주방용구,https://res.cloudinary.com/hoki0713/image/upload/v1596628609/team-mobeom/%EC%9D%B4%EB%AF%B8%EC%A7%80/3201-kitchenUtensils_bndsfo.jpg
3202,주방용구,주방용식기,https://res.cloudinary.com/hoki0713/image/upload/v1596628609/team-mobeom/%EC%9D%B4%EB%AF%B8%EC%A7%80/3202-kitchenUtensils_jijqzb.jpg
3299,주방용구,기타주방용구,https://res.cloudinary.com/hoki0713/image/upload/v1596628610/team-mobeom/%EC%9D%B4%EB%AF%B8%EC%A7%80/3299-kitchenUtensilsEtc_doab1z.jpg
3304,연료판매점,유류판매,https://res.cloudinary.com/hoki0713/image/upload/v1596628610/team-mobeom/%EC%9D%B4%EB%AF%B8%EC%A7%80/3304-gas_emddud.jpg
3305,연료판매점,SK주유소,https://res.cloudinary.com/hoki0713/image/upload/v1596628610/team-mobeom/%EC%9D%B4%EB%AF%B8%EC%A7%80/3305-skGasstation_nhvh4a.jpg
3401,광학제품,카메라,https://res.cloudinary.com/hoki0713/image/upload/v1596628610/team-mobeom/%EC%9D%B4%EB%AF%B8%EC%A7%80/3401-camera_locc11.jpg
3402,광학제품,사진관,https://res.cloudinary.com/hoki0713/image/upload/v1596628610/team-mobeom/%EC%9D%B4%EB%AF%B8%EC%A7%80/3402-photostudio_p3omko.jpg
4010,유통업 영리,편의점,https://res.cloudinary.com/hoki0713/image/upload/v1596628610/team-mobeom/%EC%9D%B4%EB%AF%B8%EC%A7%80/4010-convenienceStore_qih6ed.jpg
4020,유통업 영리,슈퍼마켓,https://res.cloudinary.com/hoki0713/image/upload/v1596628610/team-mobeom/%EC%9D%B4%EB%AF%B8%EC%A7%80/4020-supermarket_rvsqon.jpg
4021,유통업 영리,연쇄점,https://res.cloudinary.com/hoki0713/image/upload/v1596628610/team-mobeom/%EC%9D%B4%EB%AF%B8%EC%A7%80/4021-chainstore_boayvm.jpg
4099,유통업 영리,기타유통업,https://res.cloudinary.com/hoki0713/image/upload/v1596628610/team-mobeom/%EC%9D%B4%EB%AF%B8%EC%A7%80/4099-marketEtc_odvwoj.jpg
4121,유통업 비영리,구내매점(국가기관 등),https://res.cloudinary.com/tinaland/image/upload/v1596348811/mike-petrucci-c9FQyqIECds-unsplash_rjs4oe.jpg
4201,의류,정장,https://res.cloudinary.com/tinaland/image/upload/v1596348820/treddy-chen-u3AGZWF4RpU-unsplash_ultimk.jpg
4202,의류,정장(여성),https://res.cloudinary.com/tinaland/image/upload/v1596348811/burgess-milner-OYYE4g-I5ZQ-unsplash_u8lwfm.jpg
4203,의류,아동의류,https://res.cloudinary.com/tinaland/image/upload/v1596348810/anastasiya-pavlova-bsMaS0izP7E-unsplash_pmntvk.jpg
4205,의류,내의판매,https://res.cloudinary.com/tinaland/image/upload/v1596348810/thomas-kinto-TOnSRSvvAuc-unsplash_owhdhb.jpg
4207,의류,캐주얼의류,https://res.cloudinary.com/tinaland/image/upload/v1596348808/lena-kudryavtseva-rpiH-Z9ohmk-unsplash_ug9af7.jpg
4208,의류,스포츠의류,https://res.cloudinary.com/tinaland/image/upload/v1596348808/david-gavi-HPVRnFeplbQ-unsplash_fqr7up.jpg
4209,의류,단체복,https://res.cloudinary.com/tinaland/image/upload/v1596348807/the-creative-exchange-kWVImL5QxJI-unsplash_rko80c.jpg
4210,의류,맞춤복점,https://res.cloudinary.com/tinaland/image/upload/v1596348807/beatriz-moraes-TsmQXvy2Ze0-unsplash_a0cfsw.jpg
4299,의류,기타의류,https://res.cloudinary.com/tinaland/image/upload/v1596348809/lauren-fleischmann-R2aodqJn3b8-unsplash_l1n1dm.jpg
4301,직물,옷감직물,https://res.cloudinary.com/tinaland/image/upload/v1596348810/isabela-kronemberger-0rUc4_00L-A-unsplash_jmdl7k.jpg
4302,직물,카페트커튼천막지물,https://res.cloudinary.com/tinaland/image/upload/v1596348816/trang-nguyen-drke6MEs8Gg-unsplash_zbrtt7.jpg
4303,직물,침구수예점,https://res.cloudinary.com/tinaland/image/upload/v1596348817/shop-slo-vhztm9QC0L0-unsplash_lfpyo3.jpg
4304,직물,혼수전문점,https://res.cloudinary.com/tinaland/image/upload/v1596348815/charisse-kenion-wYEd7QgJB44-unsplash_i7qisx.jpg
4399,직물,기타직물,https://res.cloudinary.com/tinaland/image/upload/v1596348816/janko-ferlic-eBtwD6ZG78I-unsplash_tpmpik.jpg
4401,신변잡화,가방,https://res.cloudinary.com/tinaland/image/upload/v1596348815/mitchell-griest-psDzkLlifxQ-unsplash_oqn8ol.jpg
4410,신변잡화,시계,https://res.cloudinary.com/tinaland/image/upload/v1596348815/christian-wiediger-pooVzgc3y6k-unsplash_jnstiw.jpg
4411,신변잡화,귀금속,https://res.cloudinary.com/tinaland/image/upload/v1596348814/isabel-garza-dUjVauGvaCQ-unsplash_w2anot.jpg
4412,신변잡화,액세서리,https://res.cloudinary.com/tinaland/image/upload/v1596348814/kazzle-john-delbo-6WoXynQkRto-unsplash_rriulq.jpg
4420,신변잡화,제화,https://res.cloudinary.com/tinaland/image/upload/v1596348824/bithin-raj-Kp_lBo6RUUw-unsplash_jqymtf.jpg
4421,신변잡화,신발,https://res.cloudinary.com/tinaland/image/upload/v1596348814/nick-shandra-QgQCELrbKdg-unsplash_mhwjgi.jpg
4430,신변잡화,기념품점,https://res.cloudinary.com/tinaland/image/upload/v1596348813/sunyu-WksmEy5wV1s-unsplash_xhgxdr.jpg
4499,신변잡화,기타잡화,https://res.cloudinary.com/tinaland/image/upload/v1596348813/janayara-machado-mM3a_ilq3VQ-unsplash_vxpera.jpg
5001,서적문구,일반서적,https://res.cloudinary.com/tinaland/image/upload/v1596348813/james-sutton-zNprE_Xv3DU-unsplash_vuf9rl.jpg
5010,서적문구,출판 및 인쇄물,https://res.cloudinary.com/tinaland/image/upload/v1596348812/nick-fewings-f2Bi-VBs71M-unsplash_dxjphv.jpg
5030,서적문구,문구용품,https://res.cloudinary.com/tinaland/image/upload/v1596348812/vitor-santos-GOQ32dlahDk-unsplash_xwwpxc.jpg
5050,서적문구,완구점,https://res.cloudinary.com/tinaland/image/upload/v1596348812/subhabrata-chowdhury-BPj6G06uRo4-unsplash_u93f4y.jpg
5099,서적문구,기타서적문구,https://res.cloudinary.com/tinaland/image/upload/v1596348813/jamie-taylor--9C3TMXwQjQ-unsplash_kitffh.jpg
5101,학원,외국어학원,https://res.cloudinary.com/tinaland/image/upload/v1596348819/tim-mossholder-WE_Kv_ZB1l0-unsplash_deheu8.jpg
5102,학원,기능학원,https://res.cloudinary.com/tinaland/image/upload/v1596348813/blaz-erzetic-g5f0BJq-FRs-unsplash_u5gldj.jpg
5104,학원,예체능계학원,https://res.cloudinary.com/tinaland/image/upload/v1596348809/jeffrey-f-lin-qc8L2ju9tNs-unsplash_xe8aqm.jpg
5105,학원,보습학원,https://res.cloudinary.com/tinaland/image/upload/v1596348809/green-chameleon-s9CC2SKySJM-unsplash_wirdzk.jpg
5191,학원,독서실,https://res.cloudinary.com/tinaland/image/upload/v1596348808/dimitar-belchev-mi13tiWIJk0-unsplash_ou5cdt.jpg
5199,학원,기타 교육기관,https://res.cloudinary.com/tinaland/image/upload/v1596348810/kelly-sikkema-et5mfj1eB94-unsplash_imcapa.jpg
5201,사무통신,컴퓨터,https://res.cloudinary.com/tinaland/image/upload/v1596348807/glenn-carstens-peters-npxXWgQ33ZQ-unsplash_tzovbi.jpg
5202,사무통신,사무용 OA기기,https://res.cloudinary.com/dvjaagtpa/image/upload/v1596186847/mobeom/5202_%EC%82%AC%EB%AC%B4%EC%9A%A9OA%EA%B8%B0%EA%B8%B0_fci1xy.jpg
5210,사무통신,통신기기,https://res.cloudinary.com/dvjaagtpa/image/upload/v1596186847/mobeom/5210_%ED%86%B5%EC%8B%A0%EA%B8%B0%EA%B8%B0_j37tmv.jpg
5299,사무통신,기타 사무용품,https://res.cloudinary.com/dvjaagtpa/image/upload/v1596186847/mobeom/5299_%EA%B8%B0%ED%83%80%EC%82%AC%EB%AC%B4%EC%9A%A9%ED%92%88_ryl8u0.jpg
6004,자동차판매,이륜차판매,https://res.cloudinary.com/dvjaagtpa/image/upload/v1596186847/mobeom/6004_%EC%9D%B4%EB%A5%9C%EC%B0%A8%ED%8C%90%EB%A7%A4_l6unel.jpg
6101,자동차정비 유지,자동차시트타이어,https://res.cloudinary.com/dvjaagtpa/image/upload/v1596186848/mobeom/6101_%EC%9E%90%EB%8F%99%EC%B0%A8%EC%8B%9C%ED%8A%B8%ED%83%80%EC%9D%B4%EC%96%B4_gdf8ia.jpg
6102,자동차정비 유지,자동차부품,https://res.cloudinary.com/dvjaagtpa/image/upload/v1596186847/mobeom/6102_%EC%9E%90%EB%8F%99%EC%B0%A8%EB%B6%80%ED%92%88_qwmne1.png
6110,자동차정비 유지,자동차정비,https://res.cloudinary.com/dvjaagtpa/image/upload/v1596186848/mobeom/6110_%EC%9E%90%EB%8F%99%EC%B0%A8%EC%A0%95%EB%B9%84_bjhvjh.png
6120,자동차정비 유지,카인테리어,https://res.cloudinary.com/dvjaagtpa/image/upload/v1596186848/mobeom/6120_%EC%B9%B4%EC%9D%B8%ED%85%8C%EB%A6%AC%EC%96%B4_ktfmao.jpg
6130,자동차정비 유지,세차장,https://res.cloudinary.com/dvjaagtpa/image/upload/v1596186848/mobeom/6130_%EC%84%B8%EC%B0%A8%EC%9E%A5_fhiqx6.png
6140,기타,주차장,https://res.cloudinary.com/dvjaagtpa/image/upload/v1596186848/mobeom/6140_%EC%A3%BC%EC%B0%A8%EC%9E%A5_vidynf.jpg
7020,의원,의원,https://res.cloudinary.com/dvjaagtpa/image/upload/v1596186848/mobeom/7020_%EC%9D%98%EC%9B%90_j3kic1.jpg
7021,의원,한의원,https://res.cloudinary.com/dvjaagtpa/image/upload/v1596186848/mobeom/7020_%ED%95%9C%EC%9D%98%EC%9B%90_stuxmp.jpg
7022,의원,치과의원,https://res.cloudinary.com/dvjaagtpa/image/upload/v1596186848/mobeom/7022_%EC%B9%98%EA%B3%BC%EC%9D%98%EC%9B%90_wghvka.jpg
7041,약국,약국,https://res.cloudinary.com/dvjaagtpa/image/upload/v1596186848/mobeom/7041_%EC%95%BD%EA%B5%AD_vojyn7.jpg
7042,약국,한약방,https://res.cloudinary.com/dvjaagtpa/image/upload/v1596186845/mobeom/7042_%ED%95%9C%EC%95%BD%EB%B0%A9_fgzyov.jpg
7044,보건위생,산후조리원,https://res.cloudinary.com/dvjaagtpa/image/upload/v1596186845/mobeom/7044_%EC%82%B0%ED%9B%84%EC%A1%B0%EB%A6%AC%EC%9B%90_sfiaku.jpg
7050,병원,동물병원,https://res.cloudinary.com/dvjaagtpa/image/upload/v1596186845/mobeom/7050_%EB%8F%99%EB%AC%BC%EB%B3%91%EC%9B%90_nqaood.jpg
7099,기타의료기관,기타의료기관 및 기타의료기기,https://res.cloudinary.com/dvjaagtpa/image/upload/v1596186845/mobeom/7099_%EA%B8%B0%ED%83%80%EC%9D%98%EB%A3%8C%EA%B8%B0%EA%B8%B0_rnrjv4.jpg
7101,용역 서비스,이용원,https://res.cloudinary.com/dvjaagtpa/image/upload/v1596186845/mobeom/7101_%EC%9D%B4%EC%9A%A9%EC%9B%90_ydxd7m.png
7102,용역 서비스,미용원,https://res.cloudinary.com/dvjaagtpa/image/upload/v1596186845/mobeom/7102_%EB%AF%B8%EC%9A%A9%EC%9B%90_wbgpo6.jpg
7103,용역 서비스,피부미용실,https://res.cloudinary.com/dvjaagtpa/image/upload/v1596186845/mobeom/7103_%ED%94%BC%EB%B6%80%EB%AF%B8%EC%9A%A9%EC%8B%A4_zrdyoe.jpg
7105,광학제품,안경,https://res.cloudinary.com/dvjaagtpa/image/upload/v1596186845/mobeom/7105_%EC%95%88%EA%B2%BD_ujdwl6.jpg
7110,유통업 영리,화장품,https://res.cloudinary.com/dvjaagtpa/image/upload/v1596186846/mobeom/7110_%ED%99%94%EC%9E%A5%ED%92%88_zn9m7n.jpg
7111,유통업 영리,미용재료,https://res.cloudinary.com/dvjaagtpa/image/upload/v1596186846/mobeom/7111_%EB%AF%B8%EC%9A%A9%EC%9E%AC%EB%A3%8C_yklhbj.jpg
7112,보건위생,의료용품,https://res.cloudinary.com/dvjaagtpa/image/upload/v1596186846/mobeom/7112_%EC%9D%98%EB%A3%8C%EC%9A%A9%ED%92%88_baproj.jpg
7120,보건위생,사우나,https://res.cloudinary.com/dvjaagtpa/image/upload/v1596186846/mobeom/7120_%EC%82%AC%EC%9A%B0%EB%82%98_ydlaes.jpg
7121,용역 서비스,안마시술소,https://res.cloudinary.com/dvjaagtpa/image/upload/v1596186846/mobeom/7121_%EC%95%88%EB%A7%88%EC%8B%9C%EC%88%A0%EC%86%8C_awn6ja.jpg
7199,용역 서비스,기타대인서비스,https://res.cloudinary.com/dvjaagtpa/image/upload/v1596186846/mobeom/7199_%EA%B8%B0%ED%83%80%EB%8C%80%EC%9D%B8%EC%84%9C%EB%B9%84%EC%8A%A4_u64kif.jpg
8001,일반휴게음식,일반한식,https://res.cloudinary.com/dvjaagtpa/image/upload/v1596186846/mobeom/8001_%EC%9D%BC%EB%B0%98%ED%95%9C%EC%8B%9D_brk6fw.jpg
8004,일반휴게음식,일식회집,https://res.cloudinary.com/dvjaagtpa/image/upload/v1596186846/mobeom/8004_%EC%9D%BC%EC%8B%9D%ED%9A%8C%EC%A7%91_h6xhpt.jpg
8005,일반휴게음식,중국식,https://res.cloudinary.com/dvjaagtpa/image/upload/v1596186847/mobeom/8005_%EC%A4%91%EA%B5%AD%EC%8B%9D_xcnxex.jpg
8006,일반휴게음식,서양음식,https://res.cloudinary.com/dvjaagtpa/image/upload/v1596186847/mobeom/8006_%EC%84%9C%EC%96%91%EC%9D%8C%EC%8B%9D_hier4r.jpg
8013,음료식품,주점,https://res.cloudinary.com/dvjaagtpa/image/upload/v1596186847/mobeom/8013_%EC%A3%BC%EC%A0%90_odast9.jpg
8021,음료식품,스넥,https://res.cloudinary.com/dvjaagtpa/image/upload/v1596186847/mobeom/8021_%EC%8A%A4%EB%84%A5_zq1yhx.jpg
8301,음료식품,제과점,https://res.cloudinary.com/dvjaagtpa/image/upload/v1596186847/mobeom/8301_%EC%A0%9C%EA%B3%BC%EC%A0%90_coybu0.png
8302,음료식품,정육점,https://res.cloudinary.com/ddkvqfpzd/image/upload/v1596607803/image/josie-keam-IwVzbH0N0Ds-unsplash_ri37qt.jpg
8303,음료식품,주류 판매점,https://res.cloudinary.com/ddkvqfpzd/image/upload/v1596616472/image/kyle-wagner-7dpHzyA7rb8-unsplash_d2jv6o.jpg
8310,농업,농축수산품,https://res.cloudinary.com/ddkvqfpzd/image/upload/v1596608981/image/peter-wendt--r5KSMkyoSc-unsplash_eo8dbc.jpg
8320,농업,미곡상,https://res.cloudinary.com/ddkvqfpzd/image/upload/v1596616418/image/matthew-lakeland-b-AYmZeowJQ-unsplash_vuhpsu.jpg
8399,음료식품,기타음료식품,https://res.cloudinary.com/ddkvqfpzd/image/upload/v1596608113/image/franki-chamaki-CmqcUGYuKJU-unsplash_nfzvi0.jpg
8401,건강식품,홍삼제품,https://res.cloudinary.com/ddkvqfpzd/image/upload/v1596616700/image/leon-gao-ooX-lfJqzhE-unsplash_rlkjgx.jpg
8402,건강식품,인삼제품,https://res.cloudinary.com/ddkvqfpzd/image/upload/v1596616700/image/leon-gao-ooX-lfJqzhE-unsplash_rlkjgx.jpg
8499,건강식품,기타건강식품,https://res.cloudinary.com/ddkvqfpzd/image/upload/v1596616765/image/k15-photos-lgyFO6a9JTM-unsplash_zoxuky.jpg
9001,건축자재,보일러펌프샷시,https://res.cloudinary.com/ddkvqfpzd/image/upload/v1596617006/image/alex-perz-l4MSGX319CE-unsplash_ng6oim.jpg
9003,건축자재,조명기구,https://res.cloudinary.com/ddkvqfpzd/image/upload/v1596617045/image/skye-studios-NDLLFxTELrU-unsplash_ofr2n1.jpg
9004,건축자재,페인트,https://res.cloudinary.com/ddkvqfpzd/image/upload/v1596617083/image/russn_fckr-krV5aS4jDjA-unsplash_m0pm0n.jpg
9005,건축자재,유리,https://res.cloudinary.com/ddkvqfpzd/image/upload/v1596617186/image/fabrizio-verrecchia-cukIbtQ5Hdk-unsplash_hrdauh.jpg
9006,건축자재,목재석재철물,https://res.cloudinary.com/ddkvqfpzd/image/upload/v1596676674/image/sonder-quest-5ze1ouvzSM8-unsplash_r21fgu.jpg
9010,건축자재,인테리어전문,https://res.cloudinary.com/ddkvqfpzd/image/upload/v1596676714/image/kara-eads-L7EwHkq1B2s-unsplash_rmfsb6.jpg
9099,건축자재,기타건축자재,https://res.cloudinary.com/ddkvqfpzd/image/upload/v1596677059/image/mikita-yo-OLaa2RO2RRo-unsplash_ctjrlw.jpg
9101,용역 서비스,종합용역,https://res.cloudinary.com/ddkvqfpzd/image/upload/v1596676911/image/alex-kotliarskyi-QBpZGqEMsKg-unsplash_xwlgmp.jpg
9121,용역 서비스,화물운송,https://res.cloudinary.com/ddkvqfpzd/image/upload/v1596676869/image/max-williams-yo7WXSJe3Es-unsplash_lqtbwa.jpg
9130,용역 서비스,사무서비스,https://res.cloudinary.com/ddkvqfpzd/image/upload/v1596677037/image/tim-van-der-kuip-CPs2X8JYmS8-unsplash_kiwt5a.jpg
9199,용역 서비스,기타용역서비스,https://res.cloudinary.com/ddkvqfpzd/image/upload/v1596677128/image/ux-indonesia-hv2DRoXTKxI-unsplash_r89lif.jpg
9202,수리서비스,가정용품수리,https://res.cloudinary.com/ddkvqfpzd/image/upload/v1596677858/image/tekton-EcE9dFfXwwE-unsplash_ttlq4y.jpg
9203,수리서비스,신변잡화수리,https://res.cloudinary.com/ddkvqfpzd/image/upload/v1596677870/image/billow926-cGEedHDzljM-unsplash_eexttd.jpg
9204,수리서비스,사무통신기기수리,https://res.cloudinary.com/ddkvqfpzd/image/upload/v1596680254/image/domenico-loia-EhTcC9sYXsw-unsplash_qujnwn.jpg
9210,수리서비스,세탁소,https://res.cloudinary.com/ddkvqfpzd/image/upload/v1596677849/image/bianca-jordan-o7SvheEZoks-unsplash_vrfqmn.jpg
9299,수리서비스,기타수리서비스,https://res.cloudinary.com/ddkvqfpzd/image/upload/v1596680245/image/nick-cooper-bX-h_tpsVzI-unsplash_q83hyt.jpg
9301,레저업소,레져업소,https://res.cloudinary.com/ddkvqfpzd/image/upload/v1596680242/image/enes-f-DvU93UhTs-unsplash_toujyz.jpg
9302,자동차정비 유지,자동차서비스,https://res.cloudinary.com/ddkvqfpzd/image/upload/v1596680481/image/arseny-togulev-xTXIAVRI3rA-unsplash_z7k9eb.jpg
9304,서적문구,서적,https://res.cloudinary.com/ddkvqfpzd/image/upload/v1596680775/image/alfons-morales-YLSwjSy7stw-unsplash_qaew27.jpg
9305,학원,학원,https://res.cloudinary.com/ddkvqfpzd/image/upload/v1596680733/image/igor-rodrigues-_fU08X90Vrg-unsplash_e2q15f.jpg
9306,건강식품,건강식품,https://res.cloudinary.com/ddkvqfpzd/image/upload/v1596680730/image/vitalii-pavlyshynets-kcRFW-Hje8Y-unsplash_c3tvgw.jpg
9395,기타,기타1,https://res.cloudinary.com/ddkvqfpzd/image/upload/v1596680848/image/xps-e59Y6vqbL7Y-unsplash_lkprt1.jpg
9398,기타,기타4,https://res.cloudinary.com/ddkvqfpzd/image/upload/v1596680848/image/xps-e59Y6vqbL7Y-unsplash_lkprt1.jpg
9602,기타,비료사료종자,https://res.cloudinary.com/ddkvqfpzd/image/upload/v1596684037/image/etienne-girardet-_Fp3YZ7lt-Y-unsplash_n7zkmj.jpg
9901,기타,기계공구,https://res.cloudinary.com/ddkvqfpzd/image/upload/v1596684098/image/kelvyn-ornettte-sol-marte-86DcFWVMp0g-unsplash_bzkgwp.jpg
9998,기타,기타 전문점,https://res.cloudinary.com/ddkvqfpzd/image/upload/v1596684192/image/vladislav-bulatov-AHdWYPwnrg8-unsplash_ye43n4.jpg
