경기도 가평군,가평사랑상품권,5000
경기도 가평군,가평사랑상품권,10000
경기도 가평군,가평사랑상품권,15000
경기도 고양시,고양사랑상품권,5000
경기도 고양시,고양사랑상품권,10000
경기도 고양시,고양사랑상품권,15000
경기도 과천시,과천사랑상품권,5000
경기도 과천시,과천사랑상품권,10000
경기도 과천시,과천사랑상품권,15000
경기도 광명시,광명사랑상품권,5000
경기도 광명시,광명사랑상품권,10000
경기도 광명시,광명사랑상품권,15000
경기도 광주시,광주사랑상품권,5000
경기도 광주시,광주사랑상품권,10000
경기도 광주시,광주사랑상품권,15000
경기도 구리시,구리사랑상품권,5000
경기도 구리시,구리사랑상품권,10000
경기도 구리시,구리사랑상품권,15000
경기도 군포시,군포사랑상품권,5000
경기도 군포시,군포사랑상품권,10000
경기도 군포시,군포사랑상품권,15000
경기도 김포시,김포사랑상품권,5000
경기도 김포시,김포사랑상품권,10000
경기도 김포시,김포사랑상품권,15000
경기도 남양주시,남양주사랑상품권,5000
경기도 남양주시,남양주사랑상품권,10000
경기도 남양주시,남양주사랑상품권,15000
경기도 동두천시,동두천사랑상품권,5000
경기도 동두천시,동두천사랑상품권,10000
경기도 동두천시,동두천사랑상품권,15000
경기도 부천시,부천사랑상품권,5000
경기도 부천시,부천사랑상품권,10000
경기도 부천시,부천사랑상품권,15000
경기도 성남시,성남사랑상품권,5000
경기도 성남시,성남사랑상품권,10000
경기도 성남시,성남사랑상품권,15000
경기도 수원시,수원사랑상품권,5000
경기도 수원시,수원사랑상품권,10000
경기도 수원시,수원사랑상품권,15000
경기도 시흥시,시흥사랑상품권,5000
경기도 시흥시,시흥사랑상품권,10000
경기도 시흥시,시흥사랑상품권,15000
경기도 안산시,안산사랑상품권,5000
경기도 안산시,안산사랑상품권,10000
경기도 안산시,안산사랑상품권,15000
경기도 안성시,안성사랑상품권,5000
경기도 안성시,안성사랑상품권,10000
경기도 안성시,안성사랑상품권,15000
경기도 안양시,안양사랑상품권,5000
경기도 안양시,안양사랑상품권,10000
경기도 안양시,안양사랑상품권,15000
경기도 양주시,양주사랑상품권,5000
경기도 양주시,양주사랑상품권,10000
경기도 양주시,양주사랑상품권,15000
경기도 양평군,양평사랑상품권,5000
경기도 양평군,양평사랑상품권,10000
경기도 양평군,양평사랑상품권,15000
경기도 여주시,여주사랑상품권,5000
경기도 여주시,여주사랑상품권,10000
경기도 여주시,여주사랑상품권,15000
경기도 연천군,연천사랑상품권,5000
경기도 연천군,연천사랑상품권,10000
경기도 연천군,연천사랑상품권,15000
경기도 오산시,오산사랑상품권,5000
경기도 오산시,오산사랑상품권,10000
경기도 오산시,오산사랑상품권,15000
경기도 용인시,용인사랑상품권,5000
경기도 용인시,용인사랑상품권,10000
경기도 용인시,용인사랑상품권,15000
경기도 의왕시,의왕사랑상품권,5000
경기도 의왕시,의왕사랑상품권,10000
경기도 의왕시,의왕사랑상품권,15000
경기도 의정부시,의정부사랑상품권,5000
경기도 의정부시,의정부사랑상품권,10000
경기도 의정부시,의정부사랑상품권,15000
경기도 이천시,이천사랑상품권,5000
경기도 이천시,이천사랑상품권,10000
경기도 이천시,이천사랑상품권,15000
경기도 파주시,파주사랑상품권,5000
경기도 파주시,파주사랑상품권,10000
경기도 파주시,파주사랑상품권,15000
경기도 평택시,평택사랑상품권,5000
경기도 평택시,평택사랑상품권,10000
경기도 평택시,평택사랑상품권,15000
경기도 포천시,포천사랑상품권,5000
경기도 포천시,포천사랑상품권,10000
경기도 포천시,포천사랑상품권,15000
경기도 하남시,하남사랑상품권,5000
경기도 하남시,하남사랑상품권,10000
경기도 하남시,하남사랑상품권,15000
경기도 화성시,화성사랑상품권,5000
경기도 화성시,화성사랑상품권,10000
경기도 화성시,화성사랑상품권,15000
